{"cameraMode":{"drawMode":0,"name":"Shaded","section":"Shading Mode"},"sceneLighting":false,"audioPlay":false,"sceneViewState":{"m_AlwaysRefresh":true,"showFog":true,"showSkybox":false,"showFlares":true,"showImageEffects":true,"showParticleSystems":true,"showVisualEffectGraphs":true,"m_FxEnabled":true},"in2DMode":false,"pivot":{"x":1.718997597694397,"y":4.672215938568115,"z":0.5759493112564087},"rotation":{"x":-0.0004993643960915506,"y":0.0508759543299675,"z":0.00002543527625675779,"w":0.9987047910690308},"size":2.9869954586029054,"orthographic":false}