{"cameraMode":{"drawMode":0,"name":"Shaded","section":"Shading Mode"},"sceneLighting":false,"audioPlay":false,"sceneViewState":{"m_AlwaysRefresh":true,"showFog":true,"showSkybox":false,"showFlares":true,"showImageEffects":true,"showParticleSystems":true,"showVisualEffectGraphs":true,"m_FxEnabled":true},"in2DMode":false,"pivot":{"x":1.1237151622772217,"y":1.3070780038833619,"z":-3.769141435623169},"rotation":{"x":0.04497751221060753,"y":0.01798081211745739,"z":-0.0008096829405985773,"w":0.9988259673118591},"size":1.8606208562850953,"orthographic":false}