{"cameraMode":{"drawMode":0,"name":"Shaded","section":"Shading Mode"},"sceneLighting":false,"audioPlay":false,"sceneViewState":{"m_AlwaysRefresh":true,"showFog":true,"showSkybox":false,"showFlares":true,"showImageEffects":true,"showParticleSystems":true,"showVisualEffectGraphs":true,"m_FxEnabled":true},"in2DMode":false,"pivot":{"x":0.19226187467575074,"y":1.0904898643493653,"z":0.01540464162826538},"rotation":{"x":-0.0004993643960915506,"y":0.0508759543299675,"z":0.00002543527625675779,"w":0.9987047910690308},"size":2.702080249786377,"orthographic":false}