{"cameraMode":{"drawMode":0,"name":"Shaded","section":"Shading Mode"},"sceneLighting":false,"audioPlay":false,"sceneViewState":{"m_AlwaysRefresh":true,"showFog":true,"showSkybox":false,"showFlares":true,"showImageEffects":true,"showParticleSystems":true,"showVisualEffectGraphs":true,"m_FxEnabled":true},"in2DMode":false,"pivot":{"x":4.0917887687683109,"y":7.253429412841797,"z":5.367027282714844},"rotation":{"x":-0.05965864285826683,"y":0.9116084575653076,"z":-0.14281408488750459,"w":-0.38081347942352297},"size":0.7158557772636414,"orthographic":false}