{"cameraMode":{"drawMode":0,"name":"Shaded","section":"Shading Mode"},"sceneLighting":false,"audioPlay":false,"sceneViewState":{"m_AlwaysRefresh":true,"showFog":true,"showSkybox":false,"showFlares":true,"showImageEffects":true,"showParticleSystems":true,"showVisualEffectGraphs":true,"m_FxEnabled":true},"in2DMode":false,"pivot":{"x":-0.6001258492469788,"y":1.4008761644363404,"z":0.20535098016262055},"rotation":{"x":-0.05464185029268265,"y":-0.6873942613601685,"z":-0.05199712514877319,"w":0.7223573923110962},"size":1.3755444288253785,"orthographic":false}