{"cameraMode":{"drawMode":0,"name":"Shaded","section":"Shading Mode"},"sceneLighting":false,"audioPlay":false,"sceneViewState":{"m_AlwaysRefresh":true,"showFog":true,"showSkybox":false,"showFlares":true,"showImageEffects":true,"showParticleSystems":true,"showVisualEffectGraphs":true,"m_FxEnabled":true},"in2DMode":false,"pivot":{"x":-4.7972846031188969,"y":2.0827136039733888,"z":-2.4595065116882326},"rotation":{"x":0.0029895545449107887,"y":-0.08330120146274567,"z":0.0002499415131751448,"w":0.9965208768844605},"size":1.339389443397522,"orthographic":true}