{"cameraMode":{"drawMode":0,"name":"Shaded","section":"Shading Mode"},"sceneLighting":true,"audioPlay":false,"sceneViewState":{"m_AlwaysRefresh":true,"showFog":true,"showSkybox":false,"showFlares":true,"showImageEffects":true,"showParticleSystems":true,"showVisualEffectGraphs":true,"m_FxEnabled":true},"in2DMode":false,"pivot":{"x":-0.18911433219909669,"y":4.791849613189697,"z":-0.12506377696990968},"rotation":{"x":-0.7043597102165222,"y":0.004599935375154018,"z":-0.0047173635102808479,"w":-0.7098766565322876},"size":1.8438791036605836,"orthographic":true}