{"cameraMode":{"drawMode":0,"name":"Shaded","section":"Shading Mode"},"sceneLighting":true,"audioPlay":false,"sceneViewState":{"m_AlwaysRefresh":true,"showFog":true,"showSkybox":false,"showFlares":true,"showImageEffects":true,"showParticleSystems":true,"showVisualEffectGraphs":true,"m_FxEnabled":true},"in2DMode":false,"pivot":{"x":-0.04999995231628418,"y":0.5355069637298584,"z":0.39504528045654299},"rotation":{"x":0.010637981817126274,"y":-0.7049029469490051,"z":0.010574341751635075,"w":0.7091455459594727},"size":9.01476764678955,"orthographic":true}