{"cameraMode":{"drawMode":0,"name":"Shaded","section":"Shading Mode"},"sceneLighting":true,"audioPlay":false,"sceneViewState":{"m_AlwaysRefresh":true,"showFog":true,"showSkybox":false,"showFlares":true,"showImageEffects":true,"showParticleSystems":true,"showVisualEffectGraphs":true,"m_FxEnabled":true},"in2DMode":false,"pivot":{"x":-0.00003583356738090515,"y":-0.000038232654333114624,"z":-0.000245644710958004},"rotation":{"x":-0.0004993643960915506,"y":0.0508759543299675,"z":0.00002543527625675779,"w":0.9987047910690308},"size":0.02700475975871086,"orthographic":false}