{"cameraMode":{"drawMode":0,"name":"Shaded","section":"Shading Mode"},"sceneLighting":true,"audioPlay":false,"sceneViewState":{"showFog":true,"showMaterialUpdate":false,"showSkybox":true,"showFlares":true,"showImageEffects":true,"showParticleSystems":true},"in2DMode":false,"pivot":{"x":-3.759999990463257,"y":-5.960464477539063e-8,"z":0.0},"rotation":{"x":0.03149689733982086,"y":-0.2976492643356323,"z":0.009826109744608403,"w":0.954105019569397},"size":15.693246841430664,"orthographic":false}