{"cameraMode":{"drawMode":0,"name":"Shaded","section":"Shading Mode"},"sceneLighting":false,"audioPlay":false,"sceneViewState":{"showFog":true,"showMaterialUpdate":false,"showSkybox":true,"showFlares":true,"showImageEffects":true,"showParticleSystems":true},"in2DMode":false,"pivot":{"x":-3.0,"y":1.1007757186889649,"z":-0.00030556321144104004},"rotation":{"x":0.0027659840416163208,"y":0.9862295389175415,"z":-0.016579903662204744,"w":0.1645260453224182},"size":6.065385818481445,"orthographic":false}