{"cameraMode":{"drawMode":0,"name":"Shaded","section":"Shading Mode"},"sceneLighting":false,"audioPlay":false,"sceneViewState":{"m_AlwaysRefresh":true,"showFog":true,"showSkybox":false,"showFlares":true,"showImageEffects":true,"showParticleSystems":true,"showVisualEffectGraphs":true,"m_FxEnabled":true},"in2DMode":false,"pivot":{"x":2.165745973587036,"y":5.033987522125244,"z":0.9029804468154907},"rotation":{"x":0.031157663092017175,"y":-0.4287567734718323,"z":0.01479800883680582,"w":0.9027624130249023},"size":1.4804264307022095,"orthographic":false}