{"cameraMode":{"drawMode":0,"name":"Shaded","section":"Shading Mode"},"sceneLighting":false,"audioPlay":false,"sceneViewState":{"m_AlwaysRefresh":true,"showFog":true,"showSkybox":false,"showFlares":true,"showImageEffects":true,"showParticleSystems":true,"showVisualEffectGraphs":true,"m_FxEnabled":true},"in2DMode":false,"pivot":{"x":1.7490289211273194,"y":5.743015289306641,"z":1.2092446088790894},"rotation":{"x":-0.04530596733093262,"y":-0.5427094101905823,"z":-0.029335036873817445,"w":0.8381860256195068},"size":3.0181639194488527,"orthographic":false}