{"cameraMode":{"drawMode":0,"name":"Shaded","section":"Shading Mode"},"sceneLighting":false,"audioPlay":false,"sceneViewState":{"m_AlwaysRefresh":true,"showFog":true,"showSkybox":false,"showFlares":true,"showImageEffects":true,"showParticleSystems":true,"showVisualEffectGraphs":true,"m_FxEnabled":true},"in2DMode":false,"pivot":{"x":1.596564531326294,"y":1.3972117900848389,"z":0.7970877289772034},"rotation":{"x":0.0334462895989418,"y":-0.24435080587863923,"z":0.008433446288108826,"w":0.969073474407196},"size":4.371498107910156,"orthographic":false}