{"cameraMode":{"drawMode":0,"name":"Shaded","section":"Shading Mode"},"sceneLighting":false,"audioPlay":false,"sceneViewState":{"m_AlwaysRefresh":true,"showFog":true,"showSkybox":false,"showFlares":true,"showImageEffects":true,"showParticleSystems":true,"showVisualEffectGraphs":true,"m_FxEnabled":true},"in2DMode":false,"pivot":{"x":2.165745735168457,"y":5.2287917137146,"z":0.9029804468154907},"rotation":{"x":-0.0004993643960915506,"y":0.0508759543299675,"z":0.00002543527625675779,"w":0.9987047910690308},"size":3.4759299755096437,"orthographic":false}